0,44930.54286423611,2048,0,233361,533332,0,0,0,0,323.794189453125,323.794189453125,0,0,0,0,0,0,18.299999237060547,18.299999237060547,0,0,0,0,7.629627227783203,0,23.299999237060547,23.299999237060547,0,0,0,0,0,0,11.300000190734863,11.300000190734863,0,0,0,0,0,0,240,240,0,0,142.8000030517578,142.8000030517578,0,0,0,0,0,0,69.4000015258789,69.4000015258789,0,0,0,0,6.103701591491699,0,0,0,0,0,0,0,0,0,41.20000076293945,41.20000076293945,0,0,0,0,0,0,71.80000305175781,71.80000305175781,0,0,0,0,0,0,10,10,0,0,0,0,0,0,0,0,0,0,0,53,0,0,0,0,0,0,0,0
0,44930.54286424768,2048,0,233361,533332,0,0,0,0,323.70074462890625,323.70074462890625,0,0,0,0,0,0,18.299999237060547,18.299999237060547,0,0,0,0,7.629627227783203,0,23.299999237060547,23.299999237060547,0,0,0,0,0,0,11.300000190734863,11.300000190734863,0,0,0,0,0,0,240,240,0,0,142.8000030517578,142.8000030517578,0,0,0,0,0,0,69.4000015258789,69.4000015258789,0,0,0,0,6.103701591491699,0,0,0,0,0,0,0,0,0,41.20000076293945,41.20000076293945,0,0,0,0,0,0,71.80000305175781,71.80000305175781,0,0,0,0,0,0,10,10,0,0,0,0,0,0,0,0,0,0,0,53,0,0,0,0,0,0,0,0
0,44930.54286425926,2048,0,233361,533332,0,0,0,0,323.6066589355469,323.6066589355469,0,0,0,0,0,0,18.299999237060547,18.299999237060547,0,0,0,0,7.629627227783203,0,23.299999237060547,23.299999237060547,0,0,0,0,0,0,11.300000190734863,11.300000190734863,0,0,0,0,0,0,240,240,0,0,142.8000030517578,142.8000030517578,0,0,0,0,0,0,69.4000015258789,69.4000015258789,0,0,0,0,6.103701591491699,0,0,0,0,0,0,0,0,0,41.20000076293945,41.20000076293945,0,0,0,0,0,0,71.80000305175781,71.80000305175781,0,0,0,0,0,0,10,10,0,0,0,0,0,0,0,0,0,0,0,53,0,0,0,0,0,0,0,0
0,44930.542864270836,2048,0,233361,533332,0,0,0,0,323.5119323730469,323.5119323730469,0,0,0,0,0,0,18.299999237060547,18.299999237060547,0,0,0,0,7.629627227783203,0,23.299999237060547,23.299999237060547,0,0,0,0,0,0,11.300000190734863,11.300000190734863,0,0,0,0,0,0,240,240,0,0,142.8000030517578,142.8000030517578,0,0,0,0,0,0,69.4000015258789,69.4000015258789,0,0,0,0,6.103701591491699,0,0,0,0,0,0,0,0,0,41.20000076293945,41.20000076293945,0,0,0,0,0,0,71.80000305175781,71.80000305175781,0,0,0,0,0,0,10,10,0,0,0,0,0,0,0,0,0,0,0,53,0,0,0,0,0,0,0,0
0,44930.542864282404,2048,0,233361,533332,0,0,0,0,323.4165344238281,323.4165344238281,0,0,0,0,0,0,18.299999237060547,18.299999237060547,0,0,0,0,7.629627227783203,0,23.299999237060547,23.299999237060547,0,0,0,0,0,0,11.300000190734863,11.300000190734863,0,0,0,0,0,0,240,240,0,0,142.8000030517578,142.8000030517578,0,0,0,0,0,0,69.4000015258789,69.4000015258789,0,0,0,0,6.103701591491699,0,0,0,0,0,0,0,0,0,41.20000076293945,41.20000076293945,0,0,0,0,0,0,71.80000305175781,71.80000305175781,0,0,0,0,0,0,10,10,0,0,0,0,0,0,0,0,0,0,0,53,0,0,0,0,0,0,0,0
0,44930.54286429398,2048,0,233361,533332,0,0,0,0,323.32049560546875,323.32049560546875,0,0,0,0,0,0,18.299999237060547,18.299999237060547,0,0,0,0,7.629627227783203,0,23.299999237060547,23.299999237060547,0,0,0,0,0,0,11.300000190734863,11.300000190734863,0,0,0,0,0,0,240,240,0,0,142.8000030517578,142.8000030517578,0,0,0,0,0,0,69.4000015258789,69.4000015258789,0,0,0,0,6.103701591491699,0,0,0,0,0,0,0,0,0,41.20000076293945,41.20000076293945,0,0,0,0,0,0,71.80000305175781,71.80000305175781,0,0,0,0,0,0,10,10,0,0,0,0,0,0,0,0,0,0,0,53,0,0,0,0,0,0,0,0
0,44930.54286430556,2048,0,233361,533332,0,0,0,0,323.22381591796875,323.22381591796875,0,0,0,0,0,0,18.299999237060547,18.299999237060547,0,0,0,0,7.629627227783203,0,23.299999237060547,23.299999237060547,0,0,0,0,0,0,11.300000190734863,11.300000190734863,0,0,0,0,0,0,240,240,0,0,142.8000030517578,142.8000030517578,0,0,0,0,0,0,69.4000015258789,69.4000015258789,0,0,0,0,6.103701591491699,0,0,0,0,0,0,0,0,0,41.20000076293945,41.20000076293945,0,0,0,0,0,0,71.80000305175781,71.80000305175781,0,0,0,0,0,0,10,10,0,0,0,0,0,0,0,0,0,0,0,53,0,0,0,0,0,0,0,0
0,44930.54286431713,2048,0,233361,533332,0,0,0,0,323.12646484375,323.12646484375,0,0,0,0,0,0,18.299999237060547,18.299999237060547,0,0,0,0,7.629627227783203,0,23.299999237060547,23.299999237060547,0,0,0,0,0,0,11.300000190734863,11.300000190734863,0,0,0,0,0,0,240,240,0,0,142.8000030517578,142.8000030517578,0,0,0,0,0,0,69.4000015258789,69.4000015258789,0,0,0,0,6.103701591491699,0,0,0,0,0,0,0,0,0,41.20000076293945,41.20000076293945,0,0,0,0,0,0,71.80000305175781,71.80000305175781,0,0,0,0,0,0,10,10,0,0,0,0,0,0,0,0,0,0,0,53,0,0,0,0,0,0,0,0
0,44930.5428643287,2048,0,233361,533332,0,0,0,0,323.0284423828125,323.0284423828125,0,0,0,0,0,0,18.299999237060547,18.299999237060547,0,0,0,0,7.629627227783203,0,23.299999237060547,23.299999237060547,0,0,0,0,0,0,11.300000190734863,11.300000190734863,0,0,0,0,0,0,240,240,0,0,142.8000030517578,142.8000030517578,0,0,0,0,0,0,69.4000015258789,69.4000015258789,0,0,0,0,6.103701591491699,0,0,0,0,0,0,0,0,0,41.20000076293945,41.20000076293945,0,0,0,0,0,0,71.80000305175781,71.80000305175781,0,0,0,0,0,0,10,10,0,0,0,0,0,0,0,0,0,0,0,53,0,0,0,0,0,0,0,0
0,44930.54286434028,2048,0,233361,533332,0,0,0,0,322.9297790527344,322.9297790527344,0,0,0,0,0,0,18.299999237060547,18.299999237060547,0,0,0,0,7.629627227783203,0,23.299999237060547,23.299999237060547,0,0,0,0,0,0,11.300000190734863,11.300000190734863,0,0,0,0,0,0,240,240,0,0,142.8000030517578,142.8000030517578,0,0,0,0,0,0,69.4000015258789,69.4000015258789,0,0,0,0,6.103701591491699,0,0,0,0,0,0,0,0,0,41.20000076293945,41.20000076293945,0,0,0,0,0,0,71.80000305175781,71.80000305175781,0,0,0,0,0,0,10,10,0,0,0,0,0,0,0,0,0,0,0,53,0,0,0,0,0,0,0,0
0,44930.54286435185,2048,0,233361,533332,0,0,0,0,322.8304443359375,322.8304443359375,0,0,0,0,0,0,18.299999237060547,18.299999237060547,0,0,0,0,7.629627227783203,0,23.299999237060547,23.299999237060547,0,0,0,0,0,0,11.300000190734863,11.300000190734863,0,0,0,0,0,0,240,240,0,0,142.8000030517578,142.8000030517578,0,0,0,0,0,0,69.4000015258789,69.4000015258789,0,0,0,0,6.103701591491699,0,0,0,0,0,0,0,0,0,41.20000076293945,41.20000076293945,0,0,0,0,0,0,71.80000305175781,71.80000305175781,0,0,0,0,0,0,10,10,0,0,0,0,0,0,0,0,0,0,0,53,0,0,0,0,0,0,0,0
0,44930.54286436343,2048,0,233361,533332,0,0,0,0,322.7304382324219,322.7304382324219,0,0,0,0,0,0,18.299999237060547,18.299999237060547,0,0,0,0,7.629627227783203,0,23.299999237060547,23.299999237060547,0,0,0,0,0,0,11.300000190734863,11.300000190734863,0,0,0,0,0,0,240,240,0,0,142.8000030517578,142.8000030517578,0,0,0,0,0,0,69.4000015258789,69.4000015258789,0,0,0,0,6.103701591491699,0,0,0,0,0,0,0,0,0,41.20000076293945,41.20000076293945,0,0,0,0,0,0,71.80000305175781,71.80000305175781,0,0,0,0,0,0,10,10,0,0,0,0,0,0,0,0,0,0,0,53,0,0,0,0,0,0,0,0
0,44930.542864375,2048,0,233361,533332,0,0,0,0,322.63043212890625,322.63043212890625,0,0,0,0,0,0,18.299999237060547,18.299999237060547,0,0,0,0,7.629627227783203,0,23.299999237060547,23.299999237060547,0,0,0,0,0,0,11.300000190734863,11.300000190734863,0,0,0,0,0,0,240,240,0,0,142.8000030517578,142.8000030517578,0,0,0,0,0,0,69.4000015258789,69.4000015258789,0,0,0,0,6.103701591491699,0,0,0,0,0,0,0,0,0,41.20000076293945,41.20000076293945,0,0,0,0,0,0,71.80000305175781,71.80000305175781,0,0,0,0,0,0,10,10,0,0,0,0,0,0,0,0,0,0,0,53,0,0,0,0,0,0,0,0
0,44930.542864386574,2048,0,233361,533332,0,0,0,0,322.5304260253906,322.5304260253906,0,0,0,0,0,0,18.299999237060547,18.299999237060547,0,0,0,0,7.629627227783203,0,23.299999237060547,23.299999237060547,0,0,0,0,0,0,11.300000190734863,11.300000190734863,0,0,0,0,0,0,240,240,0,0,142.8000030517578,142.8000030517578,0,0,0,0,0,0,69.4000015258789,69.4000015258789,0,0,0,0,6.103701591491699,0,0,0,0,0,0,0,0,0,41.20000076293945,41.20000076293945,0,0,0,0,0,0,71.80000305175781,71.80000305175781,0,0,0,0,0,0,10,10,0,0,0,0,0,0,0,0,0,0,0,53,0,0,0,0,0,0,0,0
0,44930.54286439815,2048,0,233361,533332,0,0,0,0,322.4304504394531,322.4304504394531,0,0,0,0,0,0,18.299999237060547,18.299999237060547,0,0,0,0,7.629627227783203,0,23.299999237060547,23.299999237060547,0,0,0,0,0,0,11.300000190734863,11.300000190734863,0,0,0,0,0,0,240,240,0,0,142.8000030517578,142.8000030517578,0,0,0,0,0,0,69.4000015258789,69.4000015258789,0,0,0,0,6.103701591491699,0,0,0,0,0,0,0,0,0,41.20000076293945,41.20000076293945,0,0,0,0,0,0,71.80000305175781,71.80000305175781,0,0,0,0,0,0,10,10,0,0,0,0,0,0,0,0,0,0,0,53,0,0,0,0,0,0,0,0
0,44930.54286440972,2048,0,233361,533332,0,0,0,0,322.3304443359375,322.3304443359375,0,0,0,0,0,0,18.299999237060547,18.299999237060547,0,0,0,0,7.629627227783203,0,23.299999237060547,23.299999237060547,0,0,0,0,0,0,11.300000190734863,11.300000190734863,0,0,0,0,0,0,240,240,0,0,142.8000030517578,142.8000030517578,0,0,0,0,0,0,69.4000015258789,69.4000015258789,0,0,0,0,6.103701591491699,0,0,0,0,0,0,0,0,0,41.20000076293945,41.20000076293945,0,0,0,0,0,0,71.80000305175781,71.80000305175781,0,0,0,0,0,0,10,10,0,0,0,0,0,0,0,0,0,0,0,53,0,0,0,0,0,0,0,0
0,44930.542864421295,2048,0,233361,533332,0,0,0,0,322.2304382324219,322.2304382324219,0,0,0,0,0,0,18.299999237060547,18.299999237060547,0,0,0,0,7.629627227783203,0,23.299999237060547,23.299999237060547,0,0,0,0,0,0,11.300000190734863,11.300000190734863,0,0,0,0,0,0,240,240,0,0,142.8000030517578,142.8000030517578,0,0,0,0,0,0,69.4000015258789,69.4000015258789,0,0,0,0,6.103701591491699,0,0,0,0,0,0,0,0,0,41.20000076293945,41.20000076293945,0,0,0,0,0,0,71.80000305175781,71.80000305175781,0,0,0,0,0,0,10,10,0,0,0,0,0,0,0,0,0,0,0,53,0,0,0,0,0,0,0,0
0,44930.54286443287,2048,0,233361,533332,0,0,0,0,322.13043212890625,322.13043212890625,0,0,0,0,0,0,18.299999237060547,18.299999237060547,0,0,0,0,7.629627227783203,0,23.299999237060547,23.299999237060547,0,0,0,0,0,0,11.300000190734863,11.300000190734863,0,0,0,0,0,0,240,240,0,0,142.8000030517578,142.8000030517578,0,0,0,0,0,0,69.4000015258789,69.4000015258789,0,0,0,0,6.103701591491699,0,0,0,0,0,0,0,0,0,41.20000076293945,41.20000076293945,0,0,0,0,0,0,71.80000305175781,71.80000305175781,0,0,0,0,0,0,10,10,0,0,0,0,0,0,0,0,0,0,0,53,0,0,0,0,0,0,0,0
0,44930.54286444445,2048,0,233361,533332,0,0,0,0,322.0304260253906,322.0304260253906,0,0,0,0,0,0,18.299999237060547,18.299999237060547,0,0,0,0,7.629627227783203,0,23.299999237060547,23.299999237060547,0,0,0,0,0,0,11.300000190734863,11.300000190734863,0,0,0,0,0,0,240,240,0,0,142.8000030517578,142.8000030517578,0,0,0,0,0,0,69.4000015258789,69.4000015258789,0,0,0,0,6.103701591491699,0,0,0,0,0,0,0,0,0,41.20000076293945,41.20000076293945,0,0,0,0,0,0,71.80000305175781,71.80000305175781,0,0,0,0,0,0,10,10,0,0,0,0,0,0,0,0,0,0,0,53,0,0,0,0,0,0,0,0
0,44930.542864456016,2048,0,233361,533332,0,0,0,0,321.9304504394531,321.9304504394531,0,0,0,0,0,0,18.299999237060547,18.299999237060547,0,0,0,0,7.629627227783203,0,23.299999237060547,23.299999237060547,0,0,0,0,0,0,11.300000190734863,11.300000190734863,0,0,0,0,0,0,240,240,0,0,142.8000030517578,142.8000030517578,0,0,0,0,0,0,69.4000015258789,69.4000015258789,0,0,0,0,6.103701591491699,0,0,0,0,0,0,0,0,0,41.20000076293945,41.20000076293945,0,0,0,0,0,0,71.80000305175781,71.80000305175781,0,0,0,0,0,0,10,10,0,0,0,0,0,0,0,0,0,0,0,53,0,0,0,0,0,0,0,0
0,44930.54286446759,2048,0,233361,533332,0,0,0,0,321.8304443359375,321.8304443359375,0,0,0,0,0,0,18.299999237060547,18.299999237060547,0,0,0,0,7.629627227783203,0,23.299999237060547,23.299999237060547,0,0,0,0,0,0,11.300000190734863,11.300000190734863,0,0,0,0,0,0,240,240,0,0,142.8000030517578,142.8000030517578,0,0,0,0,0,0,69.4000015258789,69.4000015258789,0,0,0,0,6.103701591491699,0,0,0,0,0,0,0,0,0,41.20000076293945,41.20000076293945,0,0,0,0,0,0,71.80000305175781,71.80000305175781,0,0,0,0,0,0,10,10,0,0,0,0,0,0,0,0,0,0,0,53,0,0,0,0,0,0,0,0
0,44930.54286447917,2048,0,233361,533332,0,0,0,0,321.7304382324219,321.7304382324219,0,0,0,0,0,0,18.299999237060547,18.299999237060547,0,0,0,0,7.629627227783203,0,23.299999237060547,23.299999237060547,0,0,0,0,0,0,11.300000190734863,11.300000190734863,0,0,0,0,0,0,240,240,0,0,142.8000030517578,142.8000030517578,0,0,0,0,0,0,69.4000015258789,69.4000015258789,0,0,0,0,6.103701591491699,0,0,0,0,0,0,0,0,0,41.20000076293945,41.20000076293945,0,0,0,0,0,0,71.80000305175781,71.80000305175781,0,0,0,0,0,0,10,10,0,0,0,0,0,0,0,0,0,0,0,53,0,0,0,0,0,0,0,0
0,44930.542864490744,2048,0,233361,533332,0,0,0,0,321.63043212890625,321.63043212890625,0,0,0,0,0,0,18.299999237060547,18.299999237060547,0,0,0,0,7.629627227783203,0,23.299999237060547,23.299999237060547,0,0,0,0,0,0,11.300000190734863,11.300000190734863,0,0,0,0,0,0,240,240,0,0,142.8000030517578,142.8000030517578,0,0,0,0,0,0,69.4000015258789,69.4000015258789,0,0,0,0,6.103701591491699,0,0,0,0,0,0,0,0,0,41.20000076293945,41.20000076293945,0,0,0,0,0,0,71.80000305175781,71.80000305175781,0,0,0,0,0,0,10,10,0,0,0,0,0,0,0,0,0,0,0,53,0,0,0,0,0,0,0,0
0,44930.54286450231,2048,0,233361,533332,0,0,0,0,321.5304260253906,321.5304260253906,0,0,0,0,0,0,18.299999237060547,18.299999237060547,0,0,0,0,7.629627227783203,0,23.299999237060547,23.299999237060547,0,0,0,0,0,0,11.300000190734863,11.300000190734863,0,0,0,0,0,0,240,240,0,0,142.8000030517578,142.8000030517578,0,0,0,0,0,0,69.4000015258789,69.4000015258789,0,0,0,0,6.103701591491699,0,0,0,0,0,0,0,0,0,41.20000076293945,41.20000076293945,0,0,0,0,0,0,71.80000305175781,71.80000305175781,0,0,0,0,0,0,10,10,0,0,0,0,0,0,0,0,0,0,0,53,0,0,0,0,0,0,0,0
0,44930.54286451389,2048,0,233361,533332,0,0,0,0,321.4304504394531,321.4304504394531,0,0,0,0,0,0,18.299999237060547,18.299999237060547,0,0,0,0,7.629627227783203,0,23.299999237060547,23.299999237060547,0,0,0,0,0,0,11.300000190734863,11.300000190734863,0,0,0,0,0,0,240,240,0,0,142.8000030517578,142.8000030517578,0,0,0,0,0,0,69.4000015258789,69.4000015258789,0,0,0,0,6.103701591491699,0,0,0,0,0,0,0,0,0,41.20000076293945,41.20000076293945,0,0,0,0,0,0,71.80000305175781,71.80000305175781,0,0,0,0,0,0,10,10,0,0,0,0,0,0,0,0,0,0,0,53,0,0,0,0,0,0,0,0
0,44930.542864525465,2048,0,233361,533332,0,0,0,0,321.3304443359375,321.3304443359375,0,0,0,0,0,0,18.299999237060547,18.299999237060547,0,0,0,0,7.629627227783203,0,23.299999237060547,23.299999237060547,0,0,0,0,0,0,11.300000190734863,11.300000190734863,0,0,0,0,0,0,240,240,0,0,142.8000030517578,142.8000030517578,0,0,0,0,0,0,69.4000015258789,69.4000015258789,0,0,0,0,6.103701591491699,0,0,0,0,0,0,0,0,0,41.20000076293945,41.20000076293945,0,0,0,0,0,0,71.80000305175781,71.80000305175781,0,0,0,0,0,0,10,10,0,0,0,0,0,0,0,0,0,0,0,53,0,0,0,0,0,0,0,0
0,44930.542864537034,2048,0,233361,533332,0,0,0,0,321.2304382324219,321.2304382324219,0,0,0,0,0,0,18.299999237060547,18.299999237060547,0,0,0,0,7.629627227783203,0,23.299999237060547,23.299999237060547,0,0,0,0,0,0,11.300000190734863,11.300000190734863,0,0,0,0,0,0,240,240,0,0,142.8000030517578,142.8000030517578,0,0,0,0,0,0,69.4000015258789,69.4000015258789,0,0,0,0,6.103701591491699,0,0,0,0,0,0,0,0,0,41.20000076293945,41.20000076293945,0,0,0,0,0,0,71.80000305175781,71.80000305175781,0,0,0,0,0,0,10,10,0,0,0,0,0,0,0,0,0,0,0,53,0,0,0,0,0,0,0,0
0,44930.54286454861,2048,0,233361,533332,0,0,0,0,321.13043212890625,321.13043212890625,0,0,0,0,0,0,18.299999237060547,18.299999237060547,0,0,0,0,7.629627227783203,0,23.299999237060547,23.299999237060547,0,0,0,0,0,0,11.300000190734863,11.300000190734863,0,0,0,0,0,0,240,240,0,0,142.8000030517578,142.8000030517578,0,0,0,0,0,0,69.4000015258789,69.4000015258789,0,0,0,0,6.103701591491699,0,0,0,0,0,0,0,0,0,41.20000076293945,41.20000076293945,0,0,0,0,0,0,71.80000305175781,71.80000305175781,0,0,0,0,0,0,10,10,0,0,0,0,0,0,0,0,0,0,0,53,0,0,0,0,0,0,0,0
0,44930.542864560186,2048,0,233361,533332,0,0,0,0,321.0304260253906,321.0304260253906,0,0,0,0,0,0,18.299999237060547,18.299999237060547,0,0,0,0,7.629627227783203,0,23.299999237060547,23.299999237060547,0,0,0,0,0,0,11.300000190734863,11.300000190734863,0,0,0,0,0,0,240,240,0,0,142.8000030517578,142.8000030517578,0,0,0,0,0,0,69.4000015258789,69.4000015258789,0,0,0,0,6.103701591491699,0,0,0,0,0,0,0,0,0,41.20000076293945,41.20000076293945,0,0,0,0,0,0,71.80000305175781,71.80000305175781,0,0,0,0,0,0,10,10,0,0,0,0,0,0,0,0,0,0,0,53,0,0,0,0,0,0,0,0
0,44930.54286457176,2048,0,233361,533332,0,0,0,0,320.9304504394531,320.9304504394531,0,0,0,0,0,0,18.299999237060547,18.299999237060547,0,0,0,0,7.629627227783203,0,23.299999237060547,23.299999237060547,0,0,0,0,0,0,11.300000190734863,11.300000190734863,0,0,0,0,0,0,240,240,0,0,142.8000030517578,142.8000030517578,0,0,0,0,0,0,69.4000015258789,69.4000015258789,0,0,0,0,6.103701591491699,0,0,0,0,0,0,0,0,0,41.20000076293945,41.20000076293945,0,0,0,0,0,0,71.80000305175781,71.80000305175781,0,0,0,0,0,0,10,10,0,0,0,0,0,0,0,0,0,0,0,53,0,0,0,0,0,0,0,0
0,44930.54286458333,2048,0,233361,533332,0,0,0,0,320.8304443359375,320.8304443359375,0,0,0,0,0,0,18.299999237060547,18.299999237060547,0,0,0,0,7.629627227783203,0,23.299999237060547,23.299999237060547,0,0,0,0,0,0,11.300000190734863,11.300000190734863,0,0,0,0,0,0,240,240,0,0,142.8000030517578,142.8000030517578,0,0,0,0,0,0,69.4000015258789,69.4000015258789,0,0,0,0,6.103701591491699,0,0,0,0,0,0,0,0,0,41.20000076293945,41.20000076293945,0,0,0,0,0,0,71.80000305175781,71.80000305175781,0,0,0,0,0,0,10,10,0,0,0,0,0,0,0,0,0,0,0,53,0,0,0,0,0,0,0,0
0,44930.54286459491,2048,0,233361,533332,0,0,0,0,320.7304382324219,320.7304382324219,0,0,0,0,0,0,18.299999237060547,18.299999237060547,0,0,0,0,7.629627227783203,0,23.299999237060547,23.299999237060547,0,0,0,0,0,0,11.300000190734863,11.300000190734863,0,0,0,0,0,0,240,240,0,0,142.8000030517578,142.8000030517578,0,0,0,0,0,0,69.4000015258789,69.4000015258789,0,0,0,0,6.103701591491699,0,0,0,0,0,0,0,0,0,41.20000076293945,41.20000076293945,0,0,0,0,0,0,71.80000305175781,71.80000305175781,0,0,0,0,0,0,10,10,0,0,0,0,0,0,0,0,0,0,0,53,0,0,0,0,0,0,0,0
0,44930.54286460648,2048,0,233361,533332,0,0,0,0,320.63043212890625,320.63043212890625,0,0,0,0,0,0,18.299999237060547,18.299999237060547,0,0,0,0,7.629627227783203,0,23.299999237060547,23.299999237060547,0,0,0,0,0,0,11.300000190734863,11.300000190734863,0,0,0,0,0,0,240,240,0,0,142.8000030517578,142.8000030517578,0,0,0,0,0,0,69.4000015258789,69.4000015258789,0,0,0,0,6.103701591491699,0,0,0,0,0,0,0,0,0,41.20000076293945,41.20000076293945,0,0,0,0,0,0,71.80000305175781,71.80000305175781,0,0,0,0,0,0,10,10,0,0,0,0,0,0,0,0,0,0,0,53,0,0,0,0,0,0,0,0
0,44930.54286461806,2048,0,233361,533332,0,0,0,0,320.5304260253906,320.5304260253906,0,0,0,0,0,0,18.299999237060547,18.299999237060547,0,0,0,0,7.629627227783203,0,23.299999237060547,23.299999237060547,0,0,0,0,0,0,11.300000190734863,11.300000190734863,0,0,0,0,0,0,240,240,0,0,142.8000030517578,142.8000030517578,0,0,0,0,0,0,69.4000015258789,69.4000015258789,0,0,0,0,6.103701591491699,0,0,0,0,0,0,0,0,0,41.20000076293945,41.20000076293945,0,0,0,0,0,0,71.80000305175781,71.80000305175781,0,0,0,0,0,0,10,10,0,0,0,0,0,0,0,0,0,0,0,53,0,0,0,0,0,0,0,0
0,44930.54286462963,2048,0,233361,533332,0,0,0,0,320.4304504394531,320.4304504394531,0,0,0,0,0,0,18.299999237060547,18.299999237060547,0,0,0,0,7.629627227783203,0,23.299999237060547,23.299999237060547,0,0,0,0,0,0,11.300000190734863,11.300000190734863,0,0,0,0,0,0,240,240,0,0,142.8000030517578,142.8000030517578,0,0,0,0,0,0,69.4000015258789,69.4000015258789,0,0,0,0,6.103701591491699,0,0,0,0,0,0,0,0,0,41.20000076293945,41.20000076293945,0,0,0,0,0,0,71.80000305175781,71.80000305175781,0,0,0,0,0,0,10,10,0,0,0,0,0,0,0,0,0,0,0,53,0,0,0,0,0,0,0,0
0,44930.542864641204,2048,0,233361,533332,0,0,0,0,320.3304443359375,320.3304443359375,0,0,0,0,0,0,18.299999237060547,18.299999237060547,0,0,0,0,7.629627227783203,0,23.299999237060547,23.299999237060547,0,0,0,0,0,0,11.300000190734863,11.300000190734863,0,0,0,0,0,0,240,240,0,0,142.8000030517578,142.8000030517578,0,0,0,0,0,0,69.4000015258789,69.4000015258789,0,0,0,0,6.103701591491699,0,0,0,0,0,0,0,0,0,41.20000076293945,41.20000076293945,0,0,0,0,0,0,71.80000305175781,71.80000305175781,0,0,0,0,0,0,10,10,0,0,0,0,0,0,0,0,0,0,0,53,0,0,0,0,0,0,0,0
0,44930.54286465278,2048,0,233361,533332,0,0,0,0,320.2304382324219,320.2304382324219,0,0,0,0,0,0,18.299999237060547,18.299999237060547,0,0,0,0,7.629627227783203,0,23.299999237060547,23.299999237060547,0,0,0,0,0,0,11.300000190734863,11.300000190734863,0,0,0,0,0,0,240,240,0,0,142.8000030517578,142.8000030517578,0,0,0,0,0,0,69.4000015258789,69.4000015258789,0,0,0,0,6.103701591491699,0,0,0,0,0,0,0,0,0,41.20000076293945,41.20000076293945,0,0,0,0,0,0,71.80000305175781,71.80000305175781,0,0,0,0,0,0,10,10,0,0,0,0,0,0,0,0,0,0,0,53,0,0,0,0,0,0,0,0
0,44930.54286466435,2048,0,233361,533332,0,0,0,0,320.13043212890625,320.13043212890625,0,0,0,0,0,0,18.299999237060547,18.299999237060547,0,0,0,0,7.629627227783203,0,23.299999237060547,23.299999237060547,0,0,0,0,0,0,11.300000190734863,11.300000190734863,0,0,0,0,0,0,240,240,0,0,142.8000030517578,142.8000030517578,0,0,0,0,0,0,69.4000015258789,69.4000015258789,0,0,0,0,6.103701591491699,0,0,0,0,0,0,0,0,0,41.20000076293945,41.20000076293945,0,0,0,0,0,0,71.80000305175781,71.80000305175781,0,0,0,0,0,0,10,10,0,0,0,0,0,0,0,0,0,0,0,53,0,0,0,0,0,0,0,0
0,44930.542864675925,2048,0,233361,533332,0,0,0,0,320.0304260253906,320.0304260253906,0,0,0,0,0,0,18.299999237060547,18.299999237060547,0,0,0,0,7.629627227783203,0,23.299999237060547,23.299999237060547,0,0,0,0,0,0,11.300000190734863,11.300000190734863,0,0,0,0,0,0,240,240,0,0,142.8000030517578,142.8000030517578,0,0,0,0,0,0,69.4000015258789,69.4000015258789,0,0,0,0,6.103701591491699,0,0,0,0,0,0,0,0,0,41.20000076293945,41.20000076293945,0,0,0,0,0,0,71.80000305175781,71.80000305175781,0,0,0,0,0,0,10,10,0,0,0,0,0,0,0,0,0,0,0,53,0,0,0,0,0,0,0,0
0,44930.5428646875,2048,0,233361,533332,0,0,0,0,319.9304504394531,319.9304504394531,0,0,0,0,0,0,18.299999237060547,18.299999237060547,0,0,0,0,7.629627227783203,0,23.299999237060547,23.299999237060547,0,0,0,0,0,0,11.300000190734863,11.300000190734863,0,0,0,0,0,0,240,240,0,0,142.8000030517578,142.8000030517578,0,0,0,0,0,0,69.4000015258789,69.4000015258789,0,0,0,0,6.103701591491699,0,0,0,0,0,0,0,0,0,41.20000076293945,41.20000076293945,0,0,0,0,0,0,71.80000305175781,71.80000305175781,0,0,0,0,0,0,10,10,0,0,0,0,0,0,0,0,0,0,0,53,0,0,0,0,0,0,0,0
0,44930.54286469908,2048,0,233361,533332,0,0,0,0,319.8304443359375,319.8304443359375,0,0,0,0,0,0,18.299999237060547,18.299999237060547,0,0,0,0,7.629627227783203,0,23.299999237060547,23.299999237060547,0,0,0,0,0,0,11.300000190734863,11.300000190734863,0,0,0,0,0,0,240,240,0,0,142.8000030517578,142.8000030517578,0,0,0,0,0,0,69.4000015258789,69.4000015258789,0,0,0,0,6.103701591491699,0,0,0,0,0,0,0,0,0,41.20000076293945,41.20000076293945,0,0,0,0,0,0,71.80000305175781,71.80000305175781,0,0,0,0,0,0,10,10,0,0,0,0,0,0,0,0,0,0,0,53,0,0,0,0,0,0,0,0
0,44930.542864710646,2048,0,233361,533332,0,0,0,0,319.7304382324219,319.7304382324219,0,0,0,0,0,0,18.299999237060547,18.299999237060547,0,0,0,0,7.629627227783203,0,23.299999237060547,23.299999237060547,0,0,0,0,0,0,11.300000190734863,11.300000190734863,0,0,0,0,0,0,240,240,0,0,142.8000030517578,142.8000030517578,0,0,0,0,0,0,69.4000015258789,69.4000015258789,0,0,0,0,6.103701591491699,0,0,0,0,0,0,0,0,0,41.20000076293945,41.20000076293945,0,0,0,0,0,0,71.80000305175781,71.80000305175781,0,0,0,0,0,0,10,10,0,0,0,0,0,0,0,0,0,0,0,53,0,0,0,0,0,0,0,0
0,44930.54286472222,2048,0,233361,533332,0,0,0,0,319.63043212890625,319.63043212890625,0,0,0,0,0,0,18.299999237060547,18.299999237060547,0,0,0,0,7.629627227783203,0,23.299999237060547,23.299999237060547,0,0,0,0,0,0,11.300000190734863,11.300000190734863,0,0,0,0,0,0,240,240,0,0,142.8000030517578,142.8000030517578,0,0,0,0,0,0,69.4000015258789,69.4000015258789,0,0,0,0,6.103701591491699,0,0,0,0,0,0,0,0,0,41.20000076293945,41.20000076293945,0,0,0,0,0,0,71.80000305175781,71.80000305175781,0,0,0,0,0,0,10,10,0,0,0,0,0,0,0,0,0,0,0,53,0,0,0,0,0,0,0,0
0,44930.5428647338,2048,0,233361,533332,0,0,0,0,319.5304260253906,319.5304260253906,0,0,0,0,0,0,18.299999237060547,18.299999237060547,0,0,0,0,7.629627227783203,0,23.299999237060547,23.299999237060547,0,0,0,0,0,0,11.300000190734863,11.300000190734863,0,0,0,0,0,0,240,240,0,0,142.8000030517578,142.8000030517578,0,0,0,0,0,0,69.4000015258789,69.4000015258789,0,0,0,0,6.103701591491699,0,0,0,0,0,0,0,0,0,41.20000076293945,41.20000076293945,0,0,0,0,0,0,71.80000305175781,71.80000305175781,0,0,0,0,0,0,10,10,0,0,0,0,0,0,0,0,0,0,0,53,0,0,0,0,0,0,0,0
0,44930.542864745374,2048,0,233361,533332,0,0,0,0,319.4304504394531,319.4304504394531,0,0,0,0,0,0,18.299999237060547,18.299999237060547,0,0,0,0,7.629627227783203,0,23.299999237060547,23.299999237060547,0,0,0,0,0,0,11.300000190734863,11.300000190734863,0,0,0,0,0,0,240,240,0,0,142.8000030517578,142.8000030517578,0,0,0,0,0,0,69.4000015258789,69.4000015258789,0,0,0,0,6.103701591491699,0,0,0,0,0,0,0,0,0,41.20000076293945,41.20000076293945,0,0,0,0,0,0,71.80000305175781,71.80000305175781,0,0,0,0,0,0,10,10,0,0,0,0,0,0,0,0,0,0,0,53,0,0,0,0,0,0,0,0
0,44930.54286475694,2048,0,233361,533332,0,0,0,0,319.3304443359375,319.3304443359375,0,0,0,0,0,0,18.299999237060547,18.299999237060547,0,0,0,0,7.629627227783203,0,23.299999237060547,23.299999237060547,0,0,0,0,0,0,11.300000190734863,11.300000190734863,0,0,0,0,0,0,240,240,0,0,142.8000030517578,142.8000030517578,0,0,0,0,0,0,69.4000015258789,69.4000015258789,0,0,0,0,6.103701591491699,0,0,0,0,0,0,0,0,0,41.20000076293945,41.20000076293945,0,0,0,0,0,0,71.80000305175781,71.80000305175781,0,0,0,0,0,0,10,10,0,0,0,0,0,0,0,0,0,0,0,53,0,0,0,0,0,0,0,0
0,44930.54286476852,2048,0,233361,533332,0,0,0,0,319.2304382324219,319.2304382324219,0,0,0,0,0,0,18.299999237060547,18.299999237060547,0,0,0,0,7.629627227783203,0,23.299999237060547,23.299999237060547,0,0,0,0,0,0,11.300000190734863,11.300000190734863,0,0,0,0,0,0,240,240,0,0,142.8000030517578,142.8000030517578,0,0,0,0,0,0,69.4000015258789,69.4000015258789,0,0,0,0,6.103701591491699,0,0,0,0,0,0,0,0,0,41.20000076293945,41.20000076293945,0,0,0,0,0,0,71.80000305175781,71.80000305175781,0,0,0,0,0,0,10,10,0,0,0,0,0,0,0,0,0,0,0,53,0,0,0,0,0,0,0,0
0,44930.542864780095,2048,0,233361,533332,0,0,0,0,319.13043212890625,319.13043212890625,0,0,0,0,0,0,18.299999237060547,18.299999237060547,0,0,0,0,7.629627227783203,0,23.299999237060547,23.299999237060547,0,0,0,0,0,0,11.300000190734863,11.300000190734863,0,0,0,0,0,0,240,240,0,0,142.8000030517578,142.8000030517578,0,0,0,0,0,0,69.4000015258789,69.4000015258789,0,0,0,0,6.103701591491699,0,0,0,0,0,0,0,0,0,41.20000076293945,41.20000076293945,0,0,0,0,0,0,71.80000305175781,71.80000305175781,0,0,0,0,0,0,10,10,0,0,0,0,0,0,0,0,0,0,0,53,0,0,0,0,0,0,0,0
0,44930.54286479166,2048,0,233361,533332,0,0,0,0,319.0304260253906,319.0304260253906,0,0,0,0,0,0,18.299999237060547,18.299999237060547,0,0,0,0,7.629627227783203,0,23.299999237060547,23.299999237060547,0,0,0,0,0,0,11.300000190734863,11.300000190734863,0,0,0,0,0,0,240,240,0,0,142.8000030517578,142.8000030517578,0,0,0,0,0,0,69.4000015258789,69.4000015258789,0,0,0,0,6.103701591491699,0,0,0,0,0,0,0,0,0,41.20000076293945,41.20000076293945,0,0,0,0,0,0,71.80000305175781,71.80000305175781,0,0,0,0,0,0,10,10,0,0,0,0,0,0,0,0,0,0,0,53,0,0,0,0,0,0,0,0
0,44930.54286480324,2048,0,233361,533332,0,0,0,0,318.9304504394531,318.9304504394531,0,0,0,0,0,0,18.299999237060547,18.299999237060547,0,0,0,0,7.629627227783203,0,23.299999237060547,23.299999237060547,0,0,0,0,0,0,11.300000190734863,11.300000190734863,0,0,0,0,0,0,240,240,0,0,142.8000030517578,142.8000030517578,0,0,0,0,0,0,69.4000015258789,69.4000015258789,0,0,0,0,6.103701591491699,0,0,0,0,0,0,0,0,0,41.20000076293945,41.20000076293945,0,0,0,0,0,0,71.80000305175781,71.80000305175781,0,0,0,0,0,0,10,10,0,0,0,0,0,0,0,0,0,0,0,53,0,0,0,0,0,0,0,0
0,44930.542864814815,2048,0,233361,533332,0,0,0,0,318.8304443359375,318.8304443359375,0,0,0,0,0,0,18.299999237060547,18.299999237060547,0,0,0,0,7.629627227783203,0,23.299999237060547,23.299999237060547,0,0,0,0,0,0,11.300000190734863,11.300000190734863,0,0,0,0,0,0,240,240,0,0,142.8000030517578,142.8000030517578,0,0,0,0,0,0,69.4000015258789,69.4000015258789,0,0,0,0,6.103701591491699,0,0,0,0,0,0,0,0,0,41.20000076293945,41.20000076293945,0,0,0,0,0,0,71.80000305175781,71.80000305175781,0,0,0,0,0,0,10,10,0,0,0,0,0,0,0,0,0,0,0,53,0,0,0,0,0,0,0,0
0,44930.54286482639,2048,0,233361,533332,0,0,0,0,318.7304382324219,318.7304382324219,0,0,0,0,0,0,18.299999237060547,18.299999237060547,0,0,0,0,7.629627227783203,0,23.299999237060547,23.299999237060547,0,0,0,0,0,0,11.300000190734863,11.300000190734863,0,0,0,0,0,0,240,240,0,0,142.8000030517578,142.8000030517578,0,0,0,0,0,0,69.4000015258789,69.4000015258789,0,0,0,0,6.103701591491699,0,0,0,0,0,0,0,0,0,41.20000076293945,41.20000076293945,0,0,0,0,0,0,71.80000305175781,71.80000305175781,0,0,0,0,0,0,10,10,0,0,0,0,0,0,0,0,0,0,0,53,0,0,0,0,0,0,0,0
0,44930.54286483796,2048,0,233361,533332,0,0,0,0,318.63043212890625,318.63043212890625,0,0,0,0,0,0,18.299999237060547,18.299999237060547,0,0,0,0,7.629627227783203,0,23.299999237060547,23.299999237060547,0,0,0,0,0,0,11.300000190734863,11.300000190734863,0,0,0,0,0,0,240,240,0,0,142.8000030517578,142.8000030517578,0,0,0,0,0,0,69.4000015258789,69.4000015258789,0,0,0,0,6.103701591491699,0,0,0,0,0,0,0,0,0,41.20000076293945,41.20000076293945,0,0,0,0,0,0,71.80000305175781,71.80000305175781,0,0,0,0,0,0,10,10,0,0,0,0,0,0,0,0,0,0,0,53,0,0,0,0,0,0,0,0
0,44930.542864849536,2048,0,233361,533332,0,0,0,0,318.5304260253906,318.5304260253906,0,0,0,0,0,0,18.299999237060547,18.299999237060547,0,0,0,0,7.629627227783203,0,23.299999237060547,23.299999237060547,0,0,0,0,0,0,11.300000190734863,11.300000190734863,0,0,0,0,0,0,240,240,0,0,142.8000030517578,142.8000030517578,0,0,0,0,0,0,69.4000015258789,69.4000015258789,0,0,0,0,6.103701591491699,0,0,0,0,0,0,0,0,0,41.20000076293945,41.20000076293945,0,0,0,0,0,0,71.80000305175781,71.80000305175781,0,0,0,0,0,0,10,10,0,0,0,0,0,0,0,0,0,0,0,53,0,0,0,0,0,0,0,0
0,44930.54286486111,2048,0,233361,533332,0,0,0,0,318.4304504394531,318.4304504394531,0,0,0,0,0,0,18.299999237060547,18.299999237060547,0,0,0,0,7.629627227783203,0,23.299999237060547,23.299999237060547,0,0,0,0,0,0,11.300000190734863,11.300000190734863,0,0,0,0,0,0,240,240,0,0,142.8000030517578,142.8000030517578,0,0,0,0,0,0,69.4000015258789,69.4000015258789,0,0,0,0,6.103701591491699,0,0,0,0,0,0,0,0,0,41.20000076293945,41.20000076293945,0,0,0,0,0,0,71.80000305175781,71.80000305175781,0,0,0,0,0,0,10,10,0,0,0,0,0,0,0,0,0,0,0,53,0,0,0,0,0,0,0,0
0,44930.54286487269,2048,0,233361,533332,0,0,0,0,318.3304443359375,318.3304443359375,0,0,0,0,0,0,18.299999237060547,18.299999237060547,0,0,0,0,7.629627227783203,0,23.299999237060547,23.299999237060547,0,0,0,0,0,0,11.300000190734863,11.300000190734863,0,0,0,0,0,0,240,240,0,0,142.8000030517578,142.8000030517578,0,0,0,0,0,0,69.4000015258789,69.4000015258789,0,0,0,0,6.103701591491699,0,0,0,0,0,0,0,0,0,41.20000076293945,41.20000076293945,0,0,0,0,0,0,71.80000305175781,71.80000305175781,0,0,0,0,0,0,10,10,0,0,0,0,0,0,0,0,0,0,0,53,0,0,0,0,0,0,0,0
0,44930.54286488426,2048,0,233361,533332,0,0,0,0,318.2304382324219,318.2304382324219,0,0,0,0,0,0,18.299999237060547,18.299999237060547,0,0,0,0,7.629627227783203,0,23.299999237060547,23.299999237060547,0,0,0,0,0,0,11.300000190734863,11.300000190734863,0,0,0,0,0,0,240,240,0,0,142.8000030517578,142.8000030517578,0,0,0,0,0,0,69.4000015258789,69.4000015258789,0,0,0,0,6.103701591491699,0,0,0,0,0,0,0,0,0,41.20000076293945,41.20000076293945,0,0,0,0,0,0,71.80000305175781,71.80000305175781,0,0,0,0,0,0,10,10,0,0,0,0,0,0,0,0,0,0,0,53,0,0,0,0,0,0,0,0
0,44930.54286489583,2048,0,233361,533332,0,0,0,0,318.13043212890625,318.13043212890625,0,0,0,0,0,0,18.299999237060547,18.299999237060547,0,0,0,0,7.629627227783203,0,23.299999237060547,23.299999237060547,0,0,0,0,0,0,11.300000190734863,11.300000190734863,0,0,0,0,0,0,240,240,0,0,142.8000030517578,142.8000030517578,0,0,0,0,0,0,69.4000015258789,69.4000015258789,0,0,0,0,6.103701591491699,0,0,0,0,0,0,0,0,0,41.20000076293945,41.20000076293945,0,0,0,0,0,0,71.80000305175781,71.80000305175781,0,0,0,0,0,0,10,10,0,0,0,0,0,0,0,0,0,0,0,53,0,0,0,0,0,0,0,0
0,44930.54286490741,2048,0,233361,533332,0,0,0,0,318.0304260253906,318.0304260253906,0,0,0,0,0,0,18.299999237060547,18.299999237060547,0,0,0,0,7.629627227783203,0,23.299999237060547,23.299999237060547,0,0,0,0,0,0,11.300000190734863,11.300000190734863,0,0,0,0,0,0,240,240,0,0,142.8000030517578,142.8000030517578,0,0,0,0,0,0,69.4000015258789,69.4000015258789,0,0,0,0,6.103701591491699,0,0,0,0,0,0,0,0,0,41.20000076293945,41.20000076293945,0,0,0,0,0,0,71.80000305175781,71.80000305175781,0,0,0,0,0,0,10,10,0,0,0,0,0,0,0,0,0,0,0,53,0,0,0,0,0,0,0,0
0,44930.54286491898,2048,0,233361,533332,0,0,0,0,317.9304504394531,317.9304504394531,0,0,0,0,0,0,18.299999237060547,18.299999237060547,0,0,0,0,7.629627227783203,0,23.299999237060547,23.299999237060547,0,0,0,0,0,0,11.300000190734863,11.300000190734863,0,0,0,0,0,0,240,240,0,0,142.8000030517578,142.8000030517578,0,0,0,0,0,0,69.4000015258789,69.4000015258789,0,0,0,0,6.103701591491699,0,0,0,0,0,0,0,0,0,41.20000076293945,41.20000076293945,0,0,0,0,0,0,71.80000305175781,71.80000305175781,0,0,0,0,0,0,10,10,0,0,0,0,0,0,0,0,0,0,0,53,0,0,0,0,0,0,0,0
0,44930.542864930554,2048,0,233361,533332,0,0,0,0,317.8304443359375,317.8304443359375,0,0,0,0,0,0,18.299999237060547,18.299999237060547,0,0,0,0,7.629627227783203,0,23.299999237060547,23.299999237060547,0,0,0,0,0,0,11.300000190734863,11.300000190734863,0,0,0,0,0,0,240,240,0,0,142.8000030517578,142.8000030517578,0,0,0,0,0,0,69.4000015258789,69.4000015258789,0,0,0,0,6.103701591491699,0,0,0,0,0,0,0,0,0,41.20000076293945,41.20000076293945,0,0,0,0,0,0,71.80000305175781,71.80000305175781,0,0,0,0,0,0,10,10,0,0,0,0,0,0,0,0,0,0,0,53,0,0,0,0,0,0,0,0
0,44930.54286494213,2048,0,233361,533332,0,0,0,0,317.7304382324219,317.7304382324219,0,0,0,0,0,0,18.299999237060547,18.299999237060547,0,0,0,0,7.629627227783203,0,23.299999237060547,23.299999237060547,0,0,0,0,0,0,11.300000190734863,11.300000190734863,0,0,0,0,0,0,240,240,0,0,142.8000030517578,142.8000030517578,0,0,0,0,0,0,69.4000015258789,69.4000015258789,0,0,0,0,6.103701591491699,0,0,0,0,0,0,0,0,0,41.20000076293945,41.20000076293945,0,0,0,0,0,0,71.80000305175781,71.80000305175781,0,0,0,0,0,0,10,10,0,0,0,0,0,0,0,0,0,0,0,53,0,0,0,0,0,0,0,0
0,44930.542864953706,2048,0,233361,533332,0,0,0,0,317.63043212890625,317.63043212890625,0,0,0,0,0,0,18.299999237060547,18.299999237060547,0,0,0,0,7.629627227783203,0,23.299999237060547,23.299999237060547,0,0,0,0,0,0,11.300000190734863,11.300000190734863,0,0,0,0,0,0,240,240,0,0,142.8000030517578,142.8000030517578,0,0,0,0,0,0,69.4000015258789,69.4000015258789,0,0,0,0,6.103701591491699,0,0,0,0,0,0,0,0,0,41.20000076293945,41.20000076293945,0,0,0,0,0,0,71.80000305175781,71.80000305175781,0,0,0,0,0,0,10,10,0,0,0,0,0,0,0,0,0,0,0,53,0,0,0,0,0,0,0,0
0,44930.542864965275,2048,0,233361,533332,0,0,0,0,317.5304260253906,317.5304260253906,0,0,0,0,0,0,18.299999237060547,18.299999237060547,0,0,0,0,7.629627227783203,0,23.299999237060547,23.299999237060547,0,0,0,0,0,0,11.300000190734863,11.300000190734863,0,0,0,0,0,0,240,240,0,0,142.8000030517578,142.8000030517578,0,0,0,0,0,0,69.4000015258789,69.4000015258789,0,0,0,0,6.103701591491699,0,0,0,0,0,0,0,0,0,41.20000076293945,41.20000076293945,0,0,0,0,0,0,71.80000305175781,71.80000305175781,0,0,0,0,0,0,10,10,0,0,0,0,0,0,0,0,0,0,0,53,0,0,0,0,0,0,0,0
0,44930.54286497685,2048,0,233361,533332,0,0,0,0,317.4304504394531,317.4304504394531,0,0,0,0,0,0,18.299999237060547,18.299999237060547,0,0,0,0,7.629627227783203,0,23.299999237060547,23.299999237060547,0,0,0,0,0,0,11.300000190734863,11.300000190734863,0,0,0,0,0,0,240,240,0,0,142.8000030517578,142.8000030517578,0,0,0,0,0,0,69.4000015258789,69.4000015258789,0,0,0,0,6.103701591491699,0,0,0,0,0,0,0,0,0,41.20000076293945,41.20000076293945,0,0,0,0,0,0,71.80000305175781,71.80000305175781,0,0,0,0,0,0,10,10,0,0,0,0,0,0,0,0,0,0,0,53,0,0,0,0,0,0,0,0
0,44930.54286498843,2048,0,233361,533332,0,0,0,0,317.3304443359375,317.3304443359375,0,0,0,0,0,0,18.299999237060547,18.299999237060547,0,0,0,0,7.629627227783203,0,23.299999237060547,23.299999237060547,0,0,0,0,0,0,11.300000190734863,11.300000190734863,0,0,0,0,0,0,240,240,0,0,142.8000030517578,142.8000030517578,0,0,0,0,0,0,69.4000015258789,69.4000015258789,0,0,0,0,6.103701591491699,0,0,0,0,0,0,0,0,0,41.20000076293945,41.20000076293945,0,0,0,0,0,0,71.80000305175781,71.80000305175781,0,0,0,0,0,0,10,10,0,0,0,0,0,0,0,0,0,0,0,53,0,0,0,0,0,0,0,0
0,44930.542865,2048,0,233361,533332,0,0,0,0,317.2304382324219,317.2304382324219,0,0,0,0,0,0,18.299999237060547,18.299999237060547,0,0,0,0,7.629627227783203,0,23.299999237060547,23.299999237060547,0,0,0,0,0,0,11.300000190734863,11.300000190734863,0,0,0,0,0,0,240,240,0,0,142.8000030517578,142.8000030517578,0,0,0,0,0,0,69.4000015258789,69.4000015258789,0,0,0,0,6.103701591491699,0,0,0,0,0,0,0,0,0,41.20000076293945,41.20000076293945,0,0,0,0,0,0,71.80000305175781,71.80000305175781,0,0,0,0,0,0,10,10,0,0,0,0,0,0,0,0,0,0,0,53,0,0,0,0,0,0,0,0
0,44930.54286501157,2048,0,233361,533332,0,0,0,0,317.13043212890625,317.13043212890625,0,0,0,0,0,0,18.299999237060547,18.299999237060547,0,0,0,0,7.629627227783203,0,23.299999237060547,23.299999237060547,0,0,0,0,0,0,11.300000190734863,11.300000190734863,0,0,0,0,0,0,240,240,0,0,142.8000030517578,142.8000030517578,0,0,0,0,0,0,69.4000015258789,69.4000015258789,0,0,0,0,6.103701591491699,0,0,0,0,0,0,0,0,0,41.20000076293945,41.20000076293945,0,0,0,0,0,0,71.80000305175781,71.80000305175781,0,0,0,0,0,0,10,10,0,0,0,0,0,0,0,0,0,0,0,53,0,0,0,0,0,0,0,0
0,44930.54286502315,2048,0,233361,533332,0,0,0,0,317.0304260253906,317.0304260253906,0,0,0,0,0,0,18.299999237060547,18.299999237060547,0,0,0,0,7.629627227783203,0,23.299999237060547,23.299999237060547,0,0,0,0,0,0,11.300000190734863,11.300000190734863,0,0,0,0,0,0,240,240,0,0,142.8000030517578,142.8000030517578,0,0,0,0,0,0,69.4000015258789,69.4000015258789,0,0,0,0,6.103701591491699,0,0,0,0,0,0,0,0,0,41.20000076293945,41.20000076293945,0,0,0,0,0,0,71.80000305175781,71.80000305175781,0,0,0,0,0,0,10,10,0,0,0,0,0,0,0,0,0,0,0,53,0,0,0,0,0,0,0,0
0,44930.542865034724,2048,0,233361,533332,0,0,0,0,316.9304504394531,316.9304504394531,0,0,0,0,0,0,18.299999237060547,18.299999237060547,0,0,0,0,7.629627227783203,0,23.299999237060547,23.299999237060547,0,0,0,0,0,0,11.300000190734863,11.300000190734863,0,0,0,0,0,0,240,240,0,0,142.8000030517578,142.8000030517578,0,0,0,0,0,0,69.4000015258789,69.4000015258789,0,0,0,0,6.103701591491699,0,0,0,0,0,0,0,0,0,41.20000076293945,41.20000076293945,0,0,0,0,0,0,71.80000305175781,71.80000305175781,0,0,0,0,0,0,10,10,0,0,0,0,0,0,0,0,0,0,0,53,0,0,0,0,0,0,0,0
0,44930.54286504629,2048,0,233361,533332,0,0,0,0,316.8304443359375,316.8304443359375,0,0,0,0,0,0,18.299999237060547,18.299999237060547,0,0,0,0,7.629627227783203,0,23.299999237060547,23.299999237060547,0,0,0,0,0,0,11.300000190734863,11.300000190734863,0,0,0,0,0,0,240,240,0,0,142.8000030517578,142.8000030517578,0,0,0,0,0,0,69.4000015258789,69.4000015258789,0,0,0,0,6.103701591491699,0,0,0,0,0,0,0,0,0,41.20000076293945,41.20000076293945,0,0,0,0,0,0,71.80000305175781,71.80000305175781,0,0,0,0,0,0,10,10,0,0,0,0,0,0,0,0,0,0,0,53,0,0,0,0,0,0,0,0
0,44930.54286505787,2048,0,233361,533332,0,0,0,0,316.7304382324219,316.7304382324219,0,0,0,0,0,0,18.299999237060547,18.299999237060547,0,0,0,0,7.629627227783203,0,23.299999237060547,23.299999237060547,0,0,0,0,0,0,11.300000190734863,11.300000190734863,0,0,0,0,0,0,240,240,0,0,142.8000030517578,142.8000030517578,0,0,0,0,0,0,69.4000015258789,69.4000015258789,0,0,0,0,6.103701591491699,0,0,0,0,0,0,0,0,0,41.20000076293945,41.20000076293945,0,0,0,0,0,0,71.80000305175781,71.80000305175781,0,0,0,0,0,0,10,10,0,0,0,0,0,0,0,0,0,0,0,53,0,0,0,0,0,0,0,0
0,44930.542865069445,2048,0,233361,533332,0,0,0,0,316.63043212890625,316.63043212890625,0,0,0,0,0,0,18.299999237060547,18.299999237060547,0,0,0,0,7.629627227783203,0,23.299999237060547,23.299999237060547,0,0,0,0,0,0,11.300000190734863,11.300000190734863,0,0,0,0,0,0,240,240,0,0,142.8000030517578,142.8000030517578,0,0,0,0,0,0,69.4000015258789,69.4000015258789,0,0,0,0,6.103701591491699,0,0,0,0,0,0,0,0,0,41.20000076293945,41.20000076293945,0,0,0,0,0,0,71.80000305175781,71.80000305175781,0,0,0,0,0,0,10,10,0,0,0,0,0,0,0,0,0,0,0,53,0,0,0,0,0,0,0,0
0,44930.54286508102,2048,0,233361,533332,0,0,0,0,316.5304260253906,316.5304260253906,0,0,0,0,0,0,18.299999237060547,18.299999237060547,0,0,0,0,7.629627227783203,0,23.299999237060547,23.299999237060547,0,0,0,0,0,0,11.300000190734863,11.300000190734863,0,0,0,0,0,0,240,240,0,0,142.8000030517578,142.8000030517578,0,0,0,0,0,0,69.4000015258789,69.4000015258789,0,0,0,0,6.103701591491699,0,0,0,0,0,0,0,0,0,41.20000076293945,41.20000076293945,0,0,0,0,0,0,71.80000305175781,71.80000305175781,0,0,0,0,0,0,10,10,0,0,0,0,0,0,0,0,0,0,0,53,0,0,0,0,0,0,0,0
0,44930.54286509259,2048,0,233361,533332,0,0,0,0,316.4304504394531,316.4304504394531,0,0,0,0,0,0,18.299999237060547,18.299999237060547,0,0,0,0,7.629627227783203,0,23.299999237060547,23.299999237060547,0,0,0,0,0,0,11.300000190734863,11.300000190734863,0,0,0,0,0,0,240,240,0,0,142.8000030517578,142.8000030517578,0,0,0,0,0,0,69.4000015258789,69.4000015258789,0,0,0,0,6.103701591491699,0,0,0,0,0,0,0,0,0,41.20000076293945,41.20000076293945,0,0,0,0,0,0,71.80000305175781,71.80000305175781,0,0,0,0,0,0,10,10,0,0,0,0,0,0,0,0,0,0,0,53,0,0,0,0,0,0,0,0
0,44930.542865104166,2048,0,233361,533332,0,0,0,0,316.3304443359375,316.3304443359375,0,0,0,0,0,0,18.299999237060547,18.299999237060547,0,0,0,0,7.629627227783203,0,23.299999237060547,23.299999237060547,0,0,0,0,0,0,11.300000190734863,11.300000190734863,0,0,0,0,0,0,240,240,0,0,142.8000030517578,142.8000030517578,0,0,0,0,0,0,69.4000015258789,69.4000015258789,0,0,0,0,6.103701591491699,0,0,0,0,0,0,0,0,0,41.20000076293945,41.20000076293945,0,0,0,0,0,0,71.80000305175781,71.80000305175781,0,0,0,0,0,0,10,10,0,0,0,0,0,0,0,0,0,0,0,53,0,0,0,0,0,0,0,0
0,44930.54286511574,2048,0,233361,533332,0,0,0,0,316.2304382324219,316.2304382324219,0,0,0,0,0,0,18.299999237060547,18.299999237060547,0,0,0,0,7.629627227783203,0,23.299999237060547,23.299999237060547,0,0,0,0,0,0,11.300000190734863,11.300000190734863,0,0,0,0,0,0,240,240,0,0,142.8000030517578,142.8000030517578,0,0,0,0,0,0,69.4000015258789,69.4000015258789,0,0,0,0,6.103701591491699,0,0,0,0,0,0,0,0,0,41.20000076293945,41.20000076293945,0,0,0,0,0,0,71.80000305175781,71.80000305175781,0,0,0,0,0,0,10,10,0,0,0,0,0,0,0,0,0,0,0,53,0,0,0,0,0,0,0,0
0,44930.54286512732,2048,0,233361,533332,0,0,0,0,316.13043212890625,316.13043212890625,0,0,0,0,0,0,18.299999237060547,18.299999237060547,0,0,0,0,7.629627227783203,0,23.299999237060547,23.299999237060547,0,0,0,0,0,0,11.300000190734863,11.300000190734863,0,0,0,0,0,0,240,240,0,0,142.8000030517578,142.8000030517578,0,0,0,0,0,0,69.4000015258789,69.4000015258789,0,0,0,0,6.103701591491699,0,0,0,0,0,0,0,0,0,41.20000076293945,41.20000076293945,0,0,0,0,0,0,71.80000305175781,71.80000305175781,0,0,0,0,0,0,10,10,0,0,0,0,0,0,0,0,0,0,0,53,0,0,0,0,0,0,0,0
0,44930.54286513889,2048,0,233361,533332,0,0,0,0,316.0304260253906,316.0304260253906,0,0,0,0,0,0,18.299999237060547,18.299999237060547,0,0,0,0,7.629627227783203,0,23.299999237060547,23.299999237060547,0,0,0,0,0,0,11.300000190734863,11.300000190734863,0,0,0,0,0,0,240,240,0,0,142.8000030517578,142.8000030517578,0,0,0,0,0,0,69.4000015258789,69.4000015258789,0,0,0,0,6.103701591491699,0,0,0,0,0,0,0,0,0,41.20000076293945,41.20000076293945,0,0,0,0,0,0,71.80000305175781,71.80000305175781,0,0,0,0,0,0,10,10,0,0,0,0,0,0,0,0,0,0,0,53,0,0,0,0,0,0,0,0
0,44930.54286515046,2048,0,233361,533332,0,0,0,0,315.9304504394531,315.9304504394531,0,0,0,0,0,0,18.299999237060547,18.299999237060547,0,0,0,0,7.629627227783203,0,23.299999237060547,23.299999237060547,0,0,0,0,0,0,11.300000190734863,11.300000190734863,0,0,0,0,0,0,240,240,0,0,142.8000030517578,142.8000030517578,0,0,0,0,0,0,69.4000015258789,69.4000015258789,0,0,0,0,6.103701591491699,0,0,0,0,0,0,0,0,0,41.20000076293945,41.20000076293945,0,0,0,0,0,0,71.80000305175781,71.80000305175781,0,0,0,0,0,0,10,10,0,0,0,0,0,0,0,0,0,0,0,53,0,0,0,0,0,0,0,0
0,44930.54286516204,2048,0,233361,533332,0,0,0,0,315.8304443359375,315.8304443359375,0,0,0,0,0,0,18.299999237060547,18.299999237060547,0,0,0,0,7.629627227783203,0,23.299999237060547,23.299999237060547,0,0,0,0,0,0,11.300000190734863,11.300000190734863,0,0,0,0,0,0,240,240,0,0,142.8000030517578,142.8000030517578,0,0,0,0,0,0,69.4000015258789,69.4000015258789,0,0,0,0,6.103701591491699,0,0,0,0,0,0,0,0,0,41.20000076293945,41.20000076293945,0,0,0,0,0,0,71.80000305175781,71.80000305175781,0,0,0,0,0,0,10,10,0,0,0,0,0,0,0,0,0,0,0,53,0,0,0,0,0,0,0,0
0,44930.542865173615,2048,0,233361,533332,0,0,0,0,315.7304382324219,315.7304382324219,0,0,0,0,0,0,18.299999237060547,18.299999237060547,0,0,0,0,7.629627227783203,0,23.299999237060547,23.299999237060547,0,0,0,0,0,0,11.300000190734863,11.300000190734863,0,0,0,0,0,0,240,240,0,0,142.8000030517578,142.8000030517578,0,0,0,0,0,0,69.4000015258789,69.4000015258789,0,0,0,0,6.103701591491699,0,0,0,0,0,0,0,0,0,41.20000076293945,41.20000076293945,0,0,0,0,0,0,71.80000305175781,71.80000305175781,0,0,0,0,0,0,10,10,0,0,0,0,0,0,0,0,0,0,0,53,0,0,0,0,0,0,0,0
0,44930.54286518518,2048,0,233361,533332,0,0,0,0,315.63043212890625,315.63043212890625,0,0,0,0,0,0,18.299999237060547,18.299999237060547,0,0,0,0,7.629627227783203,0,23.299999237060547,23.299999237060547,0,0,0,0,0,0,11.300000190734863,11.300000190734863,0,0,0,0,0,0,240,240,0,0,142.8000030517578,142.8000030517578,0,0,0,0,0,0,69.4000015258789,69.4000015258789,0,0,0,0,6.103701591491699,0,0,0,0,0,0,0,0,0,41.20000076293945,41.20000076293945,0,0,0,0,0,0,71.80000305175781,71.80000305175781,0,0,0,0,0,0,10,10,0,0,0,0,0,0,0,0,0,0,0,53,0,0,0,0,0,0,0,0
0,44930.54286519676,2048,0,233361,533332,0,0,0,0,315.5304260253906,315.5304260253906,0,0,0,0,0,0,18.299999237060547,18.299999237060547,0,0,0,0,7.629627227783203,0,23.299999237060547,23.299999237060547,0,0,0,0,0,0,11.300000190734863,11.300000190734863,0,0,0,0,0,0,240,240,0,0,142.8000030517578,142.8000030517578,0,0,0,0,0,0,69.4000015258789,69.4000015258789,0,0,0,0,6.103701591491699,0,0,0,0,0,0,0,0,0,41.20000076293945,41.20000076293945,0,0,0,0,0,0,71.80000305175781,71.80000305175781,0,0,0,0,0,0,10,10,0,0,0,0,0,0,0,0,0,0,0,53,0,0,0,0,0,0,0,0
0,44930.542865208336,2048,0,233361,533332,0,0,0,0,315.4304504394531,315.4304504394531,0,0,0,0,0,0,18.299999237060547,18.299999237060547,0,0,0,0,7.629627227783203,0,23.299999237060547,23.299999237060547,0,0,0,0,0,0,11.300000190734863,11.300000190734863,0,0,0,0,0,0,240,240,0,0,142.8000030517578,142.8000030517578,0,0,0,0,0,0,69.4000015258789,69.4000015258789,0,0,0,0,6.103701591491699,0,0,0,0,0,0,0,0,0,41.20000076293945,41.20000076293945,0,0,0,0,0,0,71.80000305175781,71.80000305175781,0,0,0,0,0,0,10,10,0,0,0,0,0,0,0,0,0,0,0,53,0,0,0,0,0,0,0,0
0,44930.542865219904,2048,0,233361,533332,0,0,0,0,315.3304443359375,315.3304443359375,0,0,0,0,0,0,18.299999237060547,18.299999237060547,0,0,0,0,7.629627227783203,0,23.299999237060547,23.299999237060547,0,0,0,0,0,0,11.300000190734863,11.300000190734863,0,0,0,0,0,0,240,240,0,0,142.8000030517578,142.8000030517578,0,0,0,0,0,0,69.4000015258789,69.4000015258789,0,0,0,0,6.103701591491699,0,0,0,0,0,0,0,0,0,41.20000076293945,41.20000076293945,0,0,0,0,0,0,71.80000305175781,71.80000305175781,0,0,0,0,0,0,10,10,0,0,0,0,0,0,0,0,0,0,0,53,0,0,0,0,0,0,0,0
0,44930.54286523148,2048,0,233361,533332,0,0,0,0,315.2304382324219,315.2304382324219,0,0,0,0,0,0,18.299999237060547,18.299999237060547,0,0,0,0,7.629627227783203,0,23.299999237060547,23.299999237060547,0,0,0,0,0,0,11.300000190734863,11.300000190734863,0,0,0,0,0,0,240,240,0,0,142.8000030517578,142.8000030517578,0,0,0,0,0,0,69.4000015258789,69.4000015258789,0,0,0,0,6.103701591491699,0,0,0,0,0,0,0,0,0,41.20000076293945,41.20000076293945,0,0,0,0,0,0,71.80000305175781,71.80000305175781,0,0,0,0,0,0,10,10,0,0,0,0,0,0,0,0,0,0,0,53,0,0,0,0,0,0,0,0
0,44930.54286524306,2048,0,233361,533332,0,0,0,0,315.13043212890625,315.13043212890625,0,0,0,0,0,0,18.299999237060547,18.299999237060547,0,0,0,0,7.629627227783203,0,23.299999237060547,23.299999237060547,0,0,0,0,0,0,11.300000190734863,11.300000190734863,0,0,0,0,0,0,240,240,0,0,142.8000030517578,142.8000030517578,0,0,0,0,0,0,69.4000015258789,69.4000015258789,0,0,0,0,6.103701591491699,0,0,0,0,0,0,0,0,0,41.20000076293945,41.20000076293945,0,0,0,0,0,0,71.80000305175781,71.80000305175781,0,0,0,0,0,0,10,10,0,0,0,0,0,0,0,0,0,0,0,53,0,0,0,0,0,0,0,0
0,44930.54286525463,2048,0,233361,533332,0,0,0,0,315.0304260253906,315.0304260253906,0,0,0,0,0,0,18.299999237060547,18.299999237060547,0,0,0,0,7.629627227783203,0,23.299999237060547,23.299999237060547,0,0,0,0,0,0,11.300000190734863,11.300000190734863,0,0,0,0,0,0,240,240,0,0,142.8000030517578,142.8000030517578,0,0,0,0,0,0,69.4000015258789,69.4000015258789,0,0,0,0,6.103701591491699,0,0,0,0,0,0,0,0,0,41.20000076293945,41.20000076293945,0,0,0,0,0,0,71.80000305175781,71.80000305175781,0,0,0,0,0,0,10,10,0,0,0,0,0,0,0,0,0,0,0,53,0,0,0,0,0,0,0,0
0,44930.5428652662,2048,0,233361,533332,0,0,0,0,314.9304504394531,314.9304504394531,0,0,0,0,0,0,18.299999237060547,18.299999237060547,0,0,0,0,7.629627227783203,0,23.299999237060547,23.299999237060547,0,0,0,0,0,0,11.300000190734863,11.300000190734863,0,0,0,0,0,0,240,240,0,0,142.8000030517578,142.8000030517578,0,0,0,0,0,0,69.4000015258789,69.4000015258789,0,0,0,0,6.103701591491699,0,0,0,0,0,0,0,0,0,41.20000076293945,41.20000076293945,0,0,0,0,0,0,71.80000305175781,71.80000305175781,0,0,0,0,0,0,10,10,0,0,0,0,0,0,0,0,0,0,0,53,0,0,0,0,0,0,0,0
0,44930.54286527778,2048,0,233361,533332,0,0,0,0,314.8304443359375,314.8304443359375,0,0,0,0,0,0,18.299999237060547,18.299999237060547,0,0,0,0,7.629627227783203,0,23.299999237060547,23.299999237060547,0,0,0,0,0,0,11.300000190734863,11.300000190734863,0,0,0,0,0,0,240,240,0,0,142.8000030517578,142.8000030517578,0,0,0,0,0,0,69.4000015258789,69.4000015258789,0,0,0,0,6.103701591491699,0,0,0,0,0,0,0,0,0,41.20000076293945,41.20000076293945,0,0,0,0,0,0,71.80000305175781,71.80000305175781,0,0,0,0,0,0,10,10,0,0,0,0,0,0,0,0,0,0,0,53,0,0,0,0,0,0,0,0
0,44930.54286528935,2048,0,233361,533332,0,0,0,0,314.7304382324219,314.7304382324219,0,0,0,0,0,0,18.299999237060547,18.299999237060547,0,0,0,0,7.629627227783203,0,23.299999237060547,23.299999237060547,0,0,0,0,0,0,11.300000190734863,11.300000190734863,0,0,0,0,0,0,240,240,0,0,142.8000030517578,142.8000030517578,0,0,0,0,0,0,69.4000015258789,69.4000015258789,0,0,0,0,6.103701591491699,0,0,0,0,0,0,0,0,0,41.20000076293945,41.20000076293945,0,0,0,0,0,0,71.80000305175781,71.80000305175781,0,0,0,0,0,0,10,10,0,0,0,0,0,0,0,0,0,0,0,53,0,0,0,0,0,0,0,0
0,44930.54286530093,2048,0,233361,533332,0,0,0,0,314.63043212890625,314.63043212890625,0,0,0,0,0,0,18.299999237060547,18.299999237060547,0,0,0,0,7.629627227783203,0,23.299999237060547,23.299999237060547,0,0,0,0,0,0,11.300000190734863,11.300000190734863,0,0,0,0,0,0,240,240,0,0,142.8000030517578,142.8000030517578,0,0,0,0,0,0,69.4000015258789,69.4000015258789,0,0,0,0,6.103701591491699,0,0,0,0,0,0,0,0,0,41.20000076293945,41.20000076293945,0,0,0,0,0,0,71.80000305175781,71.80000305175781,0,0,0,0,0,0,10,10,0,0,0,0,0,0,0,0,0,0,0,53,0,0,0,0,0,0,0,0
0,44930.5428653125,2048,0,233361,533332,0,0,0,0,314.5304260253906,314.5304260253906,0,0,0,0,0,0,18.299999237060547,18.299999237060547,0,0,0,0,7.629627227783203,0,23.299999237060547,23.299999237060547,0,0,0,0,0,0,11.300000190734863,11.300000190734863,0,0,0,0,0,0,240,240,0,0,142.8000030517578,142.8000030517578,0,0,0,0,0,0,69.4000015258789,69.4000015258789,0,0,0,0,6.103701591491699,0,0,0,0,0,0,0,0,0,41.20000076293945,41.20000076293945,0,0,0,0,0,0,71.80000305175781,71.80000305175781,0,0,0,0,0,0,10,10,0,0,0,0,0,0,0,0,0,0,0,53,0,0,0,0,0,0,0,0
0,44930.542865324074,2048,0,233361,533332,0,0,0,0,314.4304504394531,314.4304504394531,0,0,0,0,0,0,18.299999237060547,18.299999237060547,0,0,0,0,7.629627227783203,0,23.299999237060547,23.299999237060547,0,0,0,0,0,0,11.300000190734863,11.300000190734863,0,0,0,0,0,0,240,240,0,0,142.8000030517578,142.8000030517578,0,0,0,0,0,0,69.4000015258789,69.4000015258789,0,0,0,0,6.103701591491699,0,0,0,0,0,0,0,0,0,41.20000076293945,41.20000076293945,0,0,0,0,0,0,71.80000305175781,71.80000305175781,0,0,0,0,0,0,10,10,0,0,0,0,0,0,0,0,0,0,0,53,0,0,0,0,0,0,0,0
0,44930.54286533565,2048,0,233361,533332,0,0,0,0,314.3304443359375,314.3304443359375,0,0,0,0,0,0,18.299999237060547,18.299999237060547,0,0,0,0,7.629627227783203,0,23.299999237060547,23.299999237060547,0,0,0,0,0,0,11.300000190734863,11.300000190734863,0,0,0,0,0,0,240,240,0,0,142.8000030517578,142.8000030517578,0,0,0,0,0,0,69.4000015258789,69.4000015258789,0,0,0,0,6.103701591491699,0,0,0,0,0,0,0,0,0,41.20000076293945,41.20000076293945,0,0,0,0,0,0,71.80000305175781,71.80000305175781,0,0,0,0,0,0,10,10,0,0,0,0,0,0,0,0,0,0,0,53,0,0,0,0,0,0,0,0
0,44930.54286534722,2048,0,233361,533332,0,0,0,0,314.2304382324219,314.2304382324219,0,0,0,0,0,0,18.299999237060547,18.299999237060547,0,0,0,0,7.629627227783203,0,23.299999237060547,23.299999237060547,0,0,0,0,0,0,11.300000190734863,11.300000190734863,0,0,0,0,0,0,240,240,0,0,142.8000030517578,142.8000030517578,0,0,0,0,0,0,69.4000015258789,69.4000015258789,0,0,0,0,6.103701591491699,0,0,0,0,0,0,0,0,0,41.20000076293945,41.20000076293945,0,0,0,0,0,0,71.80000305175781,71.80000305175781,0,0,0,0,0,0,10,10,0,0,0,0,0,0,0,0,0,0,0,53,0,0,0,0,0,0,0,0
0,44930.542865358795,2048,0,233361,533332,0,0,0,0,314.13043212890625,314.13043212890625,0,0,0,0,0,0,18.299999237060547,18.299999237060547,0,0,0,0,7.629627227783203,0,23.299999237060547,23.299999237060547,0,0,0,0,0,0,11.300000190734863,11.300000190734863,0,0,0,0,0,0,240,240,0,0,142.8000030517578,142.8000030517578,0,0,0,0,0,0,69.4000015258789,69.4000015258789,0,0,0,0,6.103701591491699,0,0,0,0,0,0,0,0,0,41.20000076293945,41.20000076293945,0,0,0,0,0,0,71.80000305175781,71.80000305175781,0,0,0,0,0,0,10,10,0,0,0,0,0,0,0,0,0,0,0,53,0,0,0,0,0,0,0,0
0,44930.54286537037,2048,0,233361,533332,0,0,0,0,314.0304260253906,314.0304260253906,0,0,0,0,0,0,18.299999237060547,18.299999237060547,0,0,0,0,7.629627227783203,0,23.299999237060547,23.299999237060547,0,0,0,0,0,0,11.300000190734863,11.300000190734863,0,0,0,0,0,0,240,240,0,0,142.8000030517578,142.8000030517578,0,0,0,0,0,0,69.4000015258789,69.4000015258789,0,0,0,0,6.103701591491699,0,0,0,0,0,0,0,0,0,41.20000076293945,41.20000076293945,0,0,0,0,0,0,71.80000305175781,71.80000305175781,0,0,0,0,0,0,10,10,0,0,0,0,0,0,0,0,0,0,0,53,0,0,0,0,0,0,0,0
0,44930.54286538195,2048,0,233361,533332,0,0,0,0,313.9304504394531,313.9304504394531,0,0,0,0,0,0,18.299999237060547,18.299999237060547,0,0,0,0,7.629627227783203,0,23.299999237060547,23.299999237060547,0,0,0,0,0,0,11.300000190734863,11.300000190734863,0,0,0,0,0,0,240,240,0,0,142.8000030517578,142.8000030517578,0,0,0,0,0,0,69.4000015258789,69.4000015258789,0,0,0,0,6.103701591491699,0,0,0,0,0,0,0,0,0,41.20000076293945,41.20000076293945,0,0,0,0,0,0,71.80000305175781,71.80000305175781,0,0,0,0,0,0,10,10,0,0,0,0,0,0,0,0,0,0,0,53,0,0,0,0,0,0,0,0
